PERMNO,date,TICKER,RET
15732,2015-09-30,,
15732,2015-10-30,XLRE,C
15732,2015-11-30,XLRE,-0.006462
15732,2015-12-31,XLRE,0.025172
15732,2016-01-29,XLRE,-0.063943
15732,2016-02-29,XLRE,0.004796
15732,2016-03-31,XLRE,0.106820
15732,2016-04-29,XLRE,-0.024254
15732,2016-05-31,XLRE,0.017208
15732,2016-06-30,XLRE,0.060650
15732,2016-07-29,XLRE,0.032391
15732,2016-08-31,XLRE,-0.037430
15732,2016-09-30,XLRE,-0.012956
15732,2016-10-31,XLRE,-0.055539
15732,2016-11-30,XLRE,-0.030372
15732,2016-12-30,XLRE,0.043030
15732,2017-01-31,XLRE,-0.001301
15732,2017-02-28,XLRE,0.046565
15732,2017-03-31,XLRE,-0.010650
15732,2017-04-28,XLRE,0.001582
15732,2017-05-31,XLRE,0.006635
15732,2017-06-30,XLRE,0.019203
15732,2017-07-31,XLRE,0.012112
15732,2017-08-31,XLRE,0.010126
15732,2017-09-29,XLRE,-0.013500
15732,2017-10-31,XLRE,0.008064
15732,2017-11-30,XLRE,0.029231
15732,2017-12-29,XLRE,-0.004335
15732,2018-01-31,XLRE,-0.019126
15732,2018-02-28,XLRE,-0.068090
15732,2018-03-29,XLRE,0.038302
15732,2018-04-30,XLRE,-0.006113
15732,2018-05-31,XLRE,0.022337
15732,2018-06-29,XLRE,0.044288
15732,2018-07-31,XLRE,0.010394
15732,2018-08-31,XLRE,0.024206
15732,2018-09-28,XLRE,-0.026288
15732,2018-10-31,XLRE,-0.015946
15732,2018-11-30,XLRE,0.054846
15732,2018-12-31,XLRE,-0.073305
15732,2019-01-31,XLRE,0.107419
15732,2019-02-28,XLRE,0.011069
15732,2019-03-29,XLRE,0.049367
15732,2019-04-30,XLRE,-0.005246
15732,2019-05-31,XLRE,0.012212
15732,2019-06-28,XLRE,0.016528
15732,2019-07-31,XLRE,0.017405
15732,2019-08-30,XLRE,0.048115
15732,2019-09-30,XLRE,0.010029
15732,2019-10-31,XLRE,-0.000254
15732,2019-11-29,XLRE,-0.017290
15732,2019-12-31,XLRE,0.011209
15732,2020-01-31,XLRE,0.014482
15732,2020-02-28,XLRE,-0.062197
15732,2020-03-31,XLRE,-0.151893
15732,2020-04-30,XLRE,0.094193
15732,2020-05-29,XLRE,0.021521
15732,2020-06-30,XLRE,0.012423
15732,2020-07-31,XLRE,0.041655
15732,2020-08-31,XLRE,-0.000276
15732,2020-09-30,XLRE,-0.021159
15732,2020-10-30,XLRE,-0.031755
15732,2020-11-30,XLRE,0.068814
15732,2020-12-31,XLRE,0.014418
15732,2021-01-29,XLRE,0.005470
15732,2021-02-26,XLRE,0.015778
15732,2021-03-31,XLRE,0.067818
15732,2021-04-30,XLRE,0.083059
15732,2021-05-28,XLRE,0.011457
15732,2021-06-30,XLRE,0.031331
15732,2021-07-30,XLRE,0.046244
15732,2021-08-31,XLRE,0.028029
15732,2021-09-30,XLRE,-0.062272
15732,2021-10-29,XLRE,0.075815
15732,2021-11-30,XLRE,-0.008992
15732,2021-12-31,XLRE,0.102246
15732,2022-01-31,XLRE,-0.086277
15732,2022-02-28,XLRE,-0.047951
15732,2022-03-31,XLRE,0.078068
15732,2022-04-29,XLRE,-0.035596
15732,2022-05-31,XLRE,-0.051073
15732,2022-06-30,XLRE,-0.068918
15732,2022-07-29,XLRE,0.085169
15732,2022-08-31,XLRE,-0.056157
15732,2022-09-30,XLRE,-0.130854
15732,2022-10-31,XLRE,0.019994
15732,2022-11-30,XLRE,0.068337
15732,2022-12-30,XLRE,-0.048148
15732,2023-01-31,XLRE,0.099106
15732,2023-02-28,XLRE,-0.058635
15732,2023-03-31,XLRE,-0.015025
15732,2023-04-28,XLRE,0.009898
15732,2023-05-31,XLRE,-0.045298
15732,2023-06-30,XLRE,0.055739
15732,2023-07-31,XLRE,0.013266
15732,2023-08-31,XLRE,-0.030636
15732,2023-09-29,XLRE,-0.071825
15732,2023-10-31,XLRE,-0.028471
15732,2023-11-30,XLRE,0.124773
15732,2023-12-29,XLRE,0.087316
15732,2024-01-31,XLRE,-0.048178
15732,2024-02-29,XLRE,0.025702
15732,2024-03-28,XLRE,0.017479
15732,2024-04-30,XLRE,-0.084493
15732,2024-05-31,XLRE,0.051395
15732,2024-06-28,XLRE,0.019635
15732,2024-07-31,XLRE,0.072377
15732,2024-08-30,XLRE,0.057295
15732,2024-09-30,XLRE,0.032870
15732,2024-10-31,XLRE,-0.032908
15732,2024-11-29,XLRE,0.041667
15732,2024-12-31,XLRE,-0.086586
17940,2018-05-31,,
17940,2018-06-29,XLC,C
17940,2018-07-31,XLC,-0.021603
17940,2018-08-31,XLC,0.014858
17940,2018-09-28,XLC,-0.000982
17940,2018-10-31,XLC,-0.060408
17940,2018-11-30,XLC,-0.022372
17940,2018-12-31,XLC,-0.079888
17940,2019-01-31,XLC,0.117490
17940,2019-02-28,XLC,-0.004552
17940,2019-03-29,XLC,0.020327
17940,2019-04-30,XLC,0.070558
17940,2019-05-31,XLC,-0.059517
17940,2019-06-28,XLC,0.047728
17940,2019-07-31,XLC,0.031694
17940,2019-08-30,XLC,-0.024616
17940,2019-09-30,XLC,0.002207
17940,2019-10-31,XLC,0.022213
17940,2019-11-29,XLC,0.038325
17940,2019-12-31,XLC,0.022585
17940,2020-01-31,XLC,0.005221
17940,2020-02-28,XLC,-0.058431
17940,2020-03-31,XLC,-0.126221
17940,2020-04-30,XLC,0.136528
17940,2020-05-29,XLC,0.074383
17940,2020-06-30,XLC,0.002436
17940,2020-07-31,XLC,0.075685
17940,2020-08-31,XLC,0.088250
17940,2020-09-30,XLC,-0.059059
17940,2020-10-30,XLC,-0.003367
17940,2020-11-30,XLC,0.104730
17940,2020-12-31,XLC,0.033440
17940,2021-01-29,XLC,-0.008892
17940,2021-02-26,XLC,0.070126
17940,2021-03-31,XLC,0.026308
17940,2021-04-30,XLC,0.064512
17940,2021-05-28,XLC,0.009481
17940,2021-06-30,XLC,0.029452
17940,2021-07-30,XLC,0.017661
17940,2021-08-31,XLC,0.039078
17940,2021-09-30,XLC,-0.062699
17940,2021-10-29,XLC,0.002372
17940,2021-11-30,XLC,-0.061395
17940,2021-12-31,XLC,0.032728
17940,2022-01-31,XLC,-0.048018
17940,2022-02-28,XLC,-0.074375
17940,2022-03-31,XLC,0.007344
17940,2022-04-29,XLC,-0.141320
17940,2022-05-31,XLC,0.018964
17940,2022-06-30,XLC,-0.096047
17940,2022-07-29,XLC,0.038695
17940,2022-08-31,XLC,-0.035302
17940,2022-09-30,XLC,-0.117332
17940,2022-10-31,XLC,0.006682
17940,2022-11-30,XLC,0.068451
17940,2022-12-30,XLC,-0.066052
17940,2023-01-31,XLC,0.147739
17940,2023-02-28,XLC,-0.028686
17940,2023-03-31,XLC,0.086355
17940,2023-04-28,XLC,0.033293
17940,2023-05-31,XLC,0.039065
17940,2023-06-30,XLC,0.047315
17940,2023-07-31,XLC,0.057007
17940,2023-08-31,XLC,-0.015409
17940,2023-09-29,XLC,-0.029415
17940,2023-10-31,XLC,-0.012963
17940,2023-11-30,XLC,0.078028
17940,2023-12-29,XLC,0.043912
17940,2024-01-31,XLC,0.044316
17940,2024-02-29,XLC,0.045862
17940,2024-03-28,XLC,0.031678
17940,2024-04-30,XLC,-0.046534
17940,2024-05-31,XLC,0.069355
17940,2024-06-28,XLC,0.031520
17940,2024-07-31,XLC,0.001518
17940,2024-08-30,XLC,0.017834
17940,2024-09-30,XLC,0.038355
17940,2024-10-31,XLC,0.018142
17940,2024-11-29,XLC,0.069100
17940,2024-12-31,XLC,-0.013573
84398,2014-01-31,SPY,-0.035248
84398,2014-02-28,SPY,0.045516
84398,2014-03-31,SPY,0.008291
84398,2014-04-30,SPY,0.006952
84398,2014-05-30,SPY,0.023206
84398,2014-06-30,SPY,0.020639
84398,2014-07-31,SPY,-0.013438
84398,2014-08-29,SPY,0.039464
84398,2014-09-30,SPY,-0.013705
84398,2014-10-31,SPY,0.023551
84398,2014-11-28,SPY,0.027472
84398,2014-12-31,SPY,-0.002534
84398,2015-01-30,SPY,-0.029629
84398,2015-02-27,SPY,0.056205
84398,2015-03-31,SPY,-0.015661
84398,2015-04-30,SPY,0.009834
84398,2015-05-29,SPY,0.012856
84398,2015-06-30,SPY,-0.020176
84398,2015-07-31,SPY,0.022589
84398,2015-08-31,SPY,-0.060950
84398,2015-09-30,SPY,-0.025328
84398,2015-10-30,SPY,0.085060
84398,2015-11-30,SPY,0.003655
84398,2015-12-31,SPY,-0.017291
84398,2016-01-29,SPY,-0.049783
84398,2016-02-29,SPY,-0.000830
84398,2016-03-31,SPY,0.067212
84398,2016-04-29,SPY,0.003945
84398,2016-05-31,SPY,0.017008
84398,2016-06-30,SPY,0.003400
84398,2016-07-29,SPY,0.036496
84398,2016-08-31,SPY,0.001198
84398,2016-09-30,SPY,0.000010
84398,2016-10-31,SPY,-0.017337
84398,2016-11-30,SPY,0.036838
84398,2016-12-30,SPY,0.020324
84398,2017-01-31,SPY,0.017895
84398,2017-02-28,SPY,0.039292
84398,2017-03-31,SPY,0.001282
84398,2017-04-28,SPY,0.009926
84398,2017-05-31,SPY,0.014113
84398,2017-06-30,SPY,0.006391
84398,2017-07-31,SPY,0.020554
84398,2017-08-31,SPY,0.002918
84398,2017-09-29,SPY,0.020100
84398,2017-10-31,SPY,0.023564
84398,2017-11-30,SPY,0.030566
84398,2017-12-29,SPY,0.012080
84398,2018-01-31,SPY,0.056359
84398,2018-02-28,SPY,-0.036360
84398,2018-03-29,SPY,-0.027253
84398,2018-04-30,SPY,0.005168
84398,2018-05-31,SPY,0.024309
84398,2018-06-29,SPY,0.005852
84398,2018-07-31,SPY,0.037047
84398,2018-08-31,SPY,0.031920
84398,2018-09-28,SPY,0.005968
84398,2018-10-31,SPY,-0.069104
84398,2018-11-30,SPY,0.018549
84398,2018-12-31,SPY,-0.088136
84398,2019-01-31,SPY,0.080066
84398,2019-02-28,SPY,0.032416
84398,2019-03-29,SPY,0.018061
84398,2019-04-30,SPY,0.040852
84398,2019-05-31,SPY,-0.063771
84398,2019-06-28,SPY,0.069610
84398,2019-07-31,SPY,0.015119
84398,2019-08-30,SPY,-0.016743
84398,2019-09-30,SPY,0.019503
84398,2019-10-31,SPY,0.022105
84398,2019-11-29,SPY,0.036198
84398,2019-12-31,SPY,0.029016
84398,2020-01-31,SPY,-0.000404
84398,2020-02-28,SPY,-0.079166
84398,2020-03-31,SPY,-0.125243
84398,2020-04-30,SPY,0.126984
84398,2020-05-29,SPY,0.047645
84398,2020-06-30,SPY,0.017765
84398,2020-07-31,SPY,0.058892
84398,2020-08-31,SPY,0.069797
84398,2020-09-30,SPY,-0.037447
84398,2020-10-30,SPY,-0.024934
84398,2020-11-30,SPY,0.108777
84398,2020-12-31,SPY,0.037010
84398,2021-01-29,SPY,-0.010190
84398,2021-02-26,SPY,0.027805
84398,2021-03-31,SPY,0.045346
84398,2021-04-30,SPY,0.052910
84398,2021-05-28,SPY,0.006566
84398,2021-06-30,SPY,0.022369
84398,2021-07-30,SPY,0.024412
84398,2021-08-31,SPY,0.029760
84398,2021-09-30,SPY,-0.046487
84398,2021-10-29,SPY,0.070164
84398,2021-11-30,SPY,-0.008035
84398,2021-12-31,SPY,0.046177
84398,2022-01-31,SPY,-0.052741
84398,2022-02-28,SPY,-0.029517
84398,2022-03-31,SPY,0.037505
84398,2022-04-29,SPY,-0.087769
84398,2022-05-31,SPY,0.002257
84398,2022-06-30,SPY,-0.082588
84398,2022-07-29,SPY,0.092087
84398,2022-08-31,SPY,-0.040802
84398,2022-09-30,SPY,-0.092119
84398,2022-10-31,SPY,0.081276
84398,2022-11-30,SPY,0.055592
84398,2022-12-30,SPY,-0.057566
84398,2023-01-31,SPY,0.062887
84398,2023-02-28,SPY,-0.025143
84398,2023-03-31,SPY,0.036936
84398,2023-04-28,SPY,0.015975
84398,2023-05-31,SPY,0.004616
84398,2023-06-30,SPY,0.064780
84398,2023-07-31,SPY,0.032733
84398,2023-08-31,SPY,-0.016252
84398,2023-09-29,SPY,-0.047267
84398,2023-10-31,SPY,-0.021709
84398,2023-11-30,SPY,0.091344
84398,2023-12-29,SPY,0.045609
84398,2024-01-31,SPY,0.015926
84398,2024-02-29,SPY,0.052187
84398,2024-03-28,SPY,0.032642
84398,2024-04-30,SPY,-0.040320
84398,2024-05-31,SPY,0.050580
84398,2024-06-28,SPY,0.035286
84398,2024-07-31,SPY,0.012109
84398,2024-08-30,SPY,0.023366
84398,2024-09-30,SPY,0.020979
84398,2024-10-31,SPY,-0.008924
84398,2024-11-29,SPY,0.059633
84398,2024-12-31,SPY,-0.024072
86449,2014-01-31,XLB,-0.047166
86449,2014-02-28,XLB,0.069028
86449,2014-03-31,XLB,0.008275
86449,2014-04-30,XLB,0.008249
86449,2014-05-30,XLB,0.029578
86449,2014-06-30,XLB,0.016125
86449,2014-07-31,XLB,-0.019944
86449,2014-08-29,XLB,0.038643
86449,2014-09-30,XLB,-0.013974
86449,2014-10-31,XLB,-0.023997
86449,2014-11-28,XLB,0.015702
86449,2014-12-31,XLB,-0.005625
86449,2015-01-30,XLB,-0.018320
86449,2015-02-27,XLB,0.079681
86449,2015-03-31,XLB,-0.049042
86449,2015-04-30,XLB,0.033620
86449,2015-05-29,XLB,0.003768
86449,2015-06-30,XLB,-0.039307
86449,2015-07-31,XLB,-0.050424
86449,2015-08-31,XLB,-0.056366
86449,2015-09-30,XLB,-0.073851
86449,2015-10-30,XLB,0.134269
86449,2015-11-30,XLB,0.009938
86449,2015-12-31,XLB,-0.043494
86449,2016-01-29,XLB,-0.107093
86449,2016-02-29,XLB,0.078153
86449,2016-03-31,XLB,0.075774
86449,2016-04-29,XLB,0.051105
86449,2016-05-31,XLB,-0.003397
86449,2016-06-30,XLB,-0.007769
86449,2016-07-29,XLB,0.050712
86449,2016-08-31,XLB,-0.002670
86449,2016-09-30,XLB,-0.011693
86449,2016-10-31,XLB,-0.020942
86449,2016-11-30,XLB,0.068235
86449,2016-12-30,XLB,0.001884
86449,2017-01-31,XLB,0.045473
86449,2017-02-28,XLB,0.005581
86449,2017-03-31,XLB,0.006201
86449,2017-04-28,XLB,0.012593
86449,2017-05-31,XLB,0.000188
86449,2017-06-30,XLB,0.018508
86449,2017-07-31,XLB,0.015425
86449,2017-08-31,XLB,0.007870
86449,2017-09-29,XLB,0.036897
86449,2017-10-31,XLB,0.038732
86449,2017-11-30,XLB,0.009492
86449,2017-12-29,XLB,0.021120
86449,2018-01-31,XLB,0.039980
86449,2018-02-28,XLB,-0.052740
86449,2018-03-29,XLB,-0.041322
86449,2018-04-30,XLB,0.001229
86449,2018-05-31,XLB,0.020523
86449,2018-06-29,XLB,0.002919
86449,2018-07-31,XLB,0.028586
86449,2018-08-31,XLB,-0.007701
86449,2018-09-28,XLB,-0.017736
86449,2018-10-31,XLB,-0.091835
86449,2018-11-30,XLB,0.038016
86449,2018-12-31,XLB,-0.069060
86449,2019-01-31,XLB,0.056017
86449,2019-02-28,XLB,0.031865
86449,2019-03-29,XLB,0.012518
86449,2019-04-30,XLB,0.035135
86449,2019-05-31,XLB,-0.081810
86449,2019-06-28,XLB,0.115566
86449,2019-07-31,XLB,-0.002735
86449,2019-08-30,XLB,-0.028283
86449,2019-09-30,XLB,0.031828
86449,2019-10-31,XLB,-0.000172
86449,2019-11-29,XLB,0.031792
86449,2019-12-31,XLB,0.028545
86449,2020-01-31,XLB,-0.061706
86449,2020-02-28,XLB,-0.085199
86449,2020-03-31,XLB,-0.140555
86449,2020-04-30,XLB,0.151865
86449,2020-05-29,XLB,0.068813
86449,2020-06-30,XLB,0.021766
86449,2020-07-31,XLB,0.071162
86449,2020-08-31,XLB,0.043572
86449,2020-09-30,XLB,0.015202
86449,2020-10-30,XLB,-0.007228
86449,2020-11-30,XLB,0.123615
86449,2020-12-31,XLB,0.024783
86449,2021-01-29,XLB,-0.024175
86449,2021-02-26,XLB,0.041195
86449,2021-03-31,XLB,0.075833
86449,2021-04-30,XLB,0.053807
86449,2021-05-28,XLB,0.050819
86449,2021-06-30,XLB,-0.052732
86449,2021-07-30,XLB,0.020775
86449,2021-08-31,XLB,0.018924
86449,2021-09-30,XLB,-0.071795
86449,2021-10-29,XLB,0.075970
86449,2021-11-30,XLB,-0.005522
86449,2021-12-31,XLB,0.075626
86449,2022-01-31,XLB,-0.067984
86449,2022-02-28,XLB,-0.012670
86449,2022-03-31,XLB,0.061076
86449,2022-04-29,XLB,-0.035394
86449,2022-05-31,XLB,0.011761
86449,2022-06-30,XLB,-0.138503
86449,2022-07-29,XLB,0.061549
86449,2022-08-31,XLB,-0.034814
86449,2022-09-30,XLB,-0.092695
86449,2022-10-31,XLB,0.089252
86449,2022-11-30,XLB,0.117036
86449,2022-12-30,XLB,-0.055118
86449,2023-01-31,XLB,0.089727
86449,2023-02-28,XLB,-0.033314
86449,2023-03-31,XLB,-0.010298
86449,2023-04-28,XLB,-0.001364
86449,2023-05-31,XLB,-0.068653
86449,2023-06-30,XLB,0.109954
86449,2023-07-31,XLB,0.034391
86449,2023-08-31,XLB,-0.033014
86449,2023-09-29,XLB,-0.047625
86449,2023-10-31,XLB,-0.031700
86449,2023-11-30,XLB,0.083487
86449,2023-12-29,XLB,0.045154
86449,2024-01-31,XLB,-0.038929
86449,2024-02-29,XLB,0.065077
86449,2024-03-28,XLB,0.064583
86449,2024-04-30,XLB,-0.045861
86449,2024-05-31,XLB,0.032720
86449,2024-06-28,XLB,-0.030531
86449,2024-07-31,XLB,0.043370
86449,2024-08-30,XLB,0.023226
86449,2024-09-30,XLB,0.026712
86449,2024-10-31,XLB,-0.031023
86449,2024-11-29,XLB,0.014884
86449,2024-12-31,XLB,-0.107572
86451,2014-01-31,XLV,0.009380
86451,2014-02-28,XLV,0.062187
86451,2014-03-31,XLV,-0.012539
86451,2014-04-30,XLV,-0.006326
86451,2014-05-30,XLV,0.028734
86451,2014-06-30,XLV,0.021177
86451,2014-07-31,XLV,0.001315
86451,2014-08-29,XLV,0.048432
86451,2014-09-30,XLV,0.004397
86451,2014-10-31,XLV,0.052574
86451,2014-11-28,XLV,0.034785
86451,2014-12-31,XLV,-0.013939
86451,2015-01-30,XLV,0.013015
86451,2015-02-27,XLV,0.042876
86451,2015-03-31,XLV,0.006485
86451,2015-04-30,XLV,-0.010910
86451,2015-05-29,XLV,0.045057
86451,2015-06-30,XLV,-0.003851
86451,2015-07-31,XLV,0.029574
86451,2015-08-31,XLV,-0.079645
86451,2015-09-30,XLV,-0.056735
86451,2015-10-30,XLV,0.077155
86451,2015-11-30,XLV,-0.003224
86451,2015-12-31,XLV,0.017196
86451,2016-01-29,XLV,-0.077190
86451,2016-02-29,XLV,-0.003623
86451,2016-03-31,XLV,0.026989
86451,2016-04-29,XLV,0.029667
86451,2016-05-31,XLV,0.022341
86451,2016-06-30,XLV,0.008973
86451,2016-07-29,XLV,0.048741
86451,2016-08-31,XLV,-0.032447
86451,2016-09-30,XLV,-0.005106
86451,2016-10-31,XLV,-0.065872
86451,2016-11-30,XLV,0.020635
86451,2016-12-30,XLV,0.007206
86451,2017-01-31,XLV,0.022918
86451,2017-02-28,XLV,0.063386
86451,2017-03-31,XLV,-0.004749
86451,2017-04-28,XLV,0.015331
86451,2017-05-31,XLV,0.007682
86451,2017-06-30,XLV,0.045581
86451,2017-07-31,XLV,0.008203
86451,2017-08-31,XLV,0.017524
86451,2017-09-29,XLV,0.009162
86451,2017-10-31,XLV,-0.007586
86451,2017-11-30,XLV,0.029096
86451,2017-12-29,XLV,-0.005504
86451,2018-01-31,XLV,0.065554
86451,2018-02-28,XLV,-0.044949
86451,2018-03-29,XLV,-0.029003
86451,2018-04-30,XLV,0.010565
86451,2018-05-31,XLV,0.001824
86451,2018-06-29,XLV,0.016576
86451,2018-07-31,XLV,0.065540
86451,2018-08-31,XLV,0.043292
86451,2018-09-28,XLV,0.029501
86451,2018-10-31,XLV,-0.067788
86451,2018-11-30,XLV,0.080834
86451,2018-12-31,XLV,-0.093673
86451,2019-01-31,XLV,0.048087
86451,2019-02-28,XLV,0.010808
86451,2019-03-29,XLV,0.004811
86451,2019-04-30,XLV,-0.027139
86451,2019-05-31,XLV,-0.022182
86451,2019-06-28,XLV,0.065976
86451,2019-07-31,XLV,-0.016192
86451,2019-08-30,XLV,-0.005925
86451,2019-09-30,XLV,-0.000999
86451,2019-10-31,XLV,0.051259
86451,2019-11-29,XLV,0.050026
86451,2019-12-31,XLV,0.034752
86451,2020-01-31,XLV,-0.026703
86451,2020-02-28,XLV,-0.065866
86451,2020-03-31,XLV,-0.039391
86451,2020-04-30,XLV,0.125875
86451,2020-05-29,XLV,0.032889
86451,2020-06-30,XLV,-0.024417
86451,2020-07-31,XLV,0.054562
86451,2020-08-31,XLV,0.025869
86451,2020-09-30,XLV,-0.021814
86451,2020-10-30,XLV,-0.036215
86451,2020-11-30,XLV,0.079481
86451,2020-12-31,XLV,0.037947
86451,2021-01-29,XLV,0.014016
86451,2021-02-26,XLV,-0.021038
86451,2021-03-31,XLV,0.040205
86451,2021-04-30,XLV,0.039318
86451,2021-05-28,XLV,0.018709
86451,2021-06-30,XLV,0.022903
86451,2021-07-30,XLV,0.049226
86451,2021-08-31,XLV,0.023156
86451,2021-09-30,XLV,-0.055051
86451,2021-10-29,XLV,0.051218
86451,2021-11-30,XLV,-0.030564
86451,2021-12-31,XLV,0.090091
86451,2022-01-31,XLV,-0.068564
86451,2022-02-28,XLV,-0.009678
86451,2022-03-31,XLV,0.057374
86451,2022-04-29,XLV,-0.048909
86451,2022-05-31,XLV,0.014890
86451,2022-06-30,XLV,-0.026361
86451,2022-07-29,XLV,0.032439
86451,2022-08-31,XLV,-0.057704
86451,2022-09-30,XLV,-0.025202
86451,2022-10-31,XLV,0.096111
86451,2022-11-30,XLV,0.047232
86451,2022-12-30,XLV,-0.018802
86451,2023-01-31,XLV,-0.018329
86451,2023-02-28,XLV,-0.046416
86451,2023-03-31,XLV,0.021854
86451,2023-04-28,XLV,0.031438
86451,2023-05-31,XLV,-0.042687
86451,2023-06-30,XLV,0.042576
86451,2023-07-31,XLV,0.010698
86451,2023-08-31,XLV,-0.007007
86451,2023-09-29,XLV,-0.029506
86451,2023-10-31,XLV,-0.032624
86451,2023-11-30,XLV,0.054360
86451,2023-12-29,XLV,0.043163
86451,2024-01-31,XLV,0.029330
86451,2024-02-29,XLV,0.031628
86451,2024-03-28,XLV,0.023705
86451,2024-04-30,XLV,-0.050091
86451,2024-05-31,XLV,0.024015
86451,2024-06-28,XLV,0.018250
86451,2024-07-31,XLV,0.026621
86451,2024-08-30,XLV,0.050591
86451,2024-09-30,XLV,-0.016557
86451,2024-10-31,XLV,-0.046423
86451,2024-11-29,XLV,0.003677
86451,2024-12-31,XLV,-0.062535
86452,2014-01-31,XLP,-0.051652
86452,2014-02-28,XLP,0.039009
86452,2014-03-31,XLP,0.021874
86452,2014-04-30,XLP,0.027404
86452,2014-05-30,XLP,0.018083
86452,2014-06-30,XLP,-0.002417
86452,2014-07-31,XLP,-0.033171
86452,2014-08-29,XLP,0.046131
86452,2014-09-30,XLP,0.005904
86452,2014-10-31,XLP,0.035469
86452,2014-11-28,XLP,0.055449
86452,2014-12-31,XLP,-0.009324
86452,2015-01-30,XLP,-0.009693
86452,2015-02-27,XLP,0.041441
86452,2015-03-31,XLP,-0.019484
86452,2015-04-30,XLP,-0.007591
86452,2015-05-29,XLP,0.008683
86452,2015-06-30,XLP,-0.018207
86452,2015-07-31,XLP,0.056933
86452,2015-08-31,XLP,-0.059630
86452,2015-09-30,XLP,0.003966
86452,2015-10-30,XLP,0.057004
86452,2015-11-30,XLP,-0.009222
86452,2015-12-31,XLP,0.029136
86452,2016-01-29,XLP,0.005348
86452,2016-02-29,XLP,0.003152
86452,2016-03-31,XLP,0.047347
86452,2016-04-29,XLP,-0.014323
86452,2016-05-31,XLP,0.006883
86452,2016-06-30,XLP,0.053426
86452,2016-07-29,XLP,-0.008160
86452,2016-08-31,XLP,-0.005850
86452,2016-09-30,XLP,-0.015481
86452,2016-10-31,XLP,-0.007705
86452,2016-11-30,XLP,-0.042045
86452,2016-12-30,XLP,0.029969
86452,2017-01-31,XLP,0.017018
86452,2017-02-28,XLP,0.047728
86452,2017-03-31,XLP,-0.004177
86452,2017-04-28,XLP,0.010993
86452,2017-05-31,XLP,0.026459
86452,2017-06-30,XLP,-0.022320
86452,2017-07-31,XLP,0.006917
86452,2017-08-31,XLP,-0.011027
86452,2017-09-29,XLP,-0.007018
86452,2017-10-31,XLP,-0.016488
86452,2017-11-30,XLP,0.055754
86452,2017-12-29,XLP,0.022439
86452,2018-01-31,XLP,0.016347
86452,2018-02-28,XLP,-0.076271
86452,2018-03-29,XLP,-0.009014
86452,2018-04-30,XLP,-0.041421
86452,2018-05-31,XLP,-0.015659
86452,2018-06-29,XLP,0.045586
86452,2018-07-31,XLP,0.039589
86452,2018-08-31,XLP,0.003920
86452,2018-09-28,XLP,0.010013
86452,2018-10-31,XLP,0.020026
86452,2018-11-30,XLP,0.022723
86452,2018-12-31,XLP,-0.089158
86452,2019-01-31,XLP,0.051398
86452,2019-02-28,XLP,0.017794
86452,2019-03-29,XLP,0.038050
86452,2019-04-30,XLP,0.028515
86452,2019-05-31,XLP,-0.036389
86452,2019-06-28,XLP,0.052302
86452,2019-07-31,XLP,0.023420
86452,2019-08-30,XLP,0.021706
86452,2019-09-30,XLP,0.017421
86452,2019-10-31,XLP,-0.004233
86452,2019-11-29,XLP,0.013734
86452,2019-12-31,XLP,0.024077
86452,2020-01-31,XLP,0.003176
86452,2020-02-28,XLP,-0.082146
86452,2020-03-31,XLP,-0.055744
86452,2020-04-30,XLP,0.069580
86452,2020-05-29,XLP,0.016650
86452,2020-06-30,XLP,-0.002182
86452,2020-07-31,XLP,0.069236
86452,2020-08-31,XLP,0.045933
86452,2020-09-30,XLP,-0.016825
86452,2020-10-30,XLP,-0.028705
86452,2020-11-30,XLP,0.074687
86452,2020-12-31,XLP,0.016506
86452,2021-01-29,XLP,-0.049815
86452,2021-02-26,XLP,-0.012326
86452,2021-03-31,XLP,0.084786
86452,2021-04-30,XLP,0.018592
86452,2021-05-28,XLP,0.017677
86452,2021-06-30,XLP,-0.005598
86452,2021-07-30,XLP,0.022009
86452,2021-08-31,XLP,0.010488
86452,2021-09-30,XLP,-0.041212
86452,2021-10-29,XLP,0.035009
86452,2021-11-30,XLP,-0.013474
86452,2021-12-31,XLP,0.104307
86452,2022-01-31,XLP,-0.014784
86452,2022-02-28,XLP,-0.014085
86452,2022-03-31,XLP,0.017689
86452,2022-04-29,XLP,0.023060
86452,2022-05-31,XLP,-0.040829
86452,2022-06-30,XLP,-0.023864
86452,2022-07-29,XLP,0.032003
86452,2022-08-31,XLP,-0.018526
86452,2022-09-30,XLP,-0.080967
86452,2022-10-31,XLP,0.090064
86452,2022-11-30,XLP,0.061177
86452,2022-12-30,XLP,-0.027296
86452,2023-01-31,XLP,-0.010865
86452,2023-02-28,XLP,-0.023190
86452,2023-03-31,XLP,0.041992
86452,2023-04-28,XLP,0.036541
86452,2023-05-31,XLP,-0.061596
86452,2023-06-30,XLP,0.027880
86452,2023-07-31,XLP,0.021302
86452,2023-08-31,XLP,-0.039472
86452,2023-09-29,XLP,-0.047619
86452,2023-10-31,XLP,-0.013806
86452,2023-11-30,XLP,0.041261
86452,2023-12-29,XLP,0.026980
86452,2024-01-31,XLP,0.012356
86452,2024-02-29,XLP,0.020982
86452,2024-03-28,XLP,0.033072
86452,2024-04-30,XLP,-0.011262
86452,2024-05-31,XLP,0.024371
86452,2024-06-28,XLP,-0.002302
86452,2024-07-31,XLP,0.016584
86452,2024-08-30,XLP,0.059859
86452,2024-09-30,XLP,0.011259
86452,2024-10-31,XLP,-0.034699
86452,2024-11-29,XLP,0.038692
86452,2024-12-31,XLP,-0.048157
86453,2014-01-31,XLY,-0.060003
86453,2014-02-28,XLY,0.063992
86453,2014-03-31,XLY,-0.028613
86453,2014-04-30,XLY,-0.013597
86453,2014-05-30,XLY,0.028822
86453,2014-06-30,XLY,0.019373
86453,2014-07-31,XLY,-0.012736
86453,2014-08-29,XLY,0.044468
86453,2014-09-30,XLY,-0.027628
86453,2014-10-31,XLY,0.021143
86453,2014-11-28,XLY,0.054479
86453,2014-12-31,XLY,0.008817
86453,2015-01-30,XLY,-0.029938
86453,2015-02-27,XLY,0.085441
86453,2015-03-31,XLY,-0.004801
86453,2015-04-30,XLY,-0.000531
86453,2015-05-29,XLY,0.013146
86453,2015-06-30,XLY,0.005596
86453,2015-07-31,XLY,0.048902
86453,2015-08-31,XLY,-0.065320
86453,2015-09-30,XLY,-0.005749
86453,2015-10-30,XLY,0.090358
86453,2015-11-30,XLY,-0.002347
86453,2015-12-31,XLY,-0.028398
86453,2016-01-29,XLY,-0.051826
86453,2016-02-29,XLY,0.004453
86453,2016-03-31,XLY,0.066914
86453,2016-04-29,XLY,0.001264
86453,2016-05-31,XLY,0.000505
86453,2016-06-30,XLY,-0.011400
86453,2016-07-29,XLY,0.045606
86453,2016-08-31,XLY,-0.012987
86453,2016-09-30,XLY,-0.002731
86453,2016-10-31,XLY,-0.024238
86453,2016-11-30,XLY,0.048015
86453,2016-12-30,XLY,0.000514
86453,2017-01-31,XLY,0.042138
86453,2017-02-28,XLY,0.018154
86453,2017-03-31,XLY,0.021310
86453,2017-04-28,XLY,0.023991
86453,2017-05-31,XLY,0.010993
86453,2017-06-30,XLY,-0.012580
86453,2017-07-31,XLY,0.019302
86453,2017-08-31,XLY,-0.018608
86453,2017-09-29,XLY,0.008230
86453,2017-10-31,XLY,0.021203
86453,2017-11-30,XLY,0.050658
86453,2017-12-29,XLY,0.024541
86453,2018-01-31,XLY,0.092411
86453,2018-02-28,XLY,-0.034691
86453,2018-03-29,XLY,-0.023736
86453,2018-04-30,XLY,0.023793
86453,2018-05-31,XLY,0.019865
86453,2018-06-29,XLY,0.036248
86453,2018-07-31,XLY,0.018024
86453,2018-08-31,XLY,0.051047
86453,2018-09-28,XLY,0.005312
86453,2018-10-31,XLY,-0.101007
86453,2018-11-30,XLY,0.024768
86453,2018-12-31,XLY,-0.079676
86453,2019-01-31,XLY,0.098677
86453,2019-02-28,XLY,0.013146
86453,2019-03-29,XLY,0.036434
86453,2019-04-30,XLY,0.054633
86453,2019-05-31,XLY,-0.076039
86453,2019-06-28,XLY,0.078185
86453,2019-07-31,XLY,0.012752
86453,2019-08-30,XLY,-0.009443
86453,2019-09-30,XLY,0.012748
86453,2019-10-31,XLY,0.001243
86453,2019-11-29,XLY,0.013240
86453,2019-12-31,XLY,0.027602
86453,2020-01-31,XLY,-0.000797
86453,2020-02-28,XLY,-0.075726
86453,2020-03-31,XLY,-0.149584
86453,2020-04-30,XLY,0.188825
86453,2020-05-29,XLY,0.065094
86453,2020-06-30,XLY,0.030727
86453,2020-07-31,XLY,0.072743
86453,2020-08-31,XLY,0.095547
86453,2020-09-30,XLY,-0.018685
86453,2020-10-30,XLY,-0.027283
86453,2020-11-30,XLY,0.099951
86453,2020-12-31,XLY,0.024266
86453,2021-01-29,XLY,0.007650
86453,2021-02-26,XLY,-0.005308
86453,2021-03-31,XLY,0.044580
86453,2021-04-30,XLY,0.064556
86453,2021-05-28,XLY,-0.033982
86453,2021-06-30,XLY,0.034514
86453,2021-07-30,XLY,0.010529
86453,2021-08-31,XLY,0.017846
86453,2021-09-30,XLY,-0.021373
86453,2021-10-29,XLY,0.120925
86453,2021-11-30,XLY,0.016356
86453,2021-12-31,XLY,0.001429
86453,2022-01-31,XLY,-0.095334
86453,2022-02-28,XLY,-0.040660
86453,2022-03-31,XLY,0.044236
86453,2022-04-29,XLY,-0.119568
86453,2022-05-31,XLY,-0.051203
86453,2022-06-30,XLY,-0.108359
86453,2022-07-29,XLY,0.184391
86453,2022-08-31,XLY,-0.044955
86453,2022-09-30,XLY,-0.081859
86453,2022-10-31,XLY,0.011092
86453,2022-11-30,XLY,0.014858
86453,2022-12-30,XLY,-0.113869
86453,2023-01-31,XLY,0.151285
86453,2023-02-28,XLY,-0.021251
86453,2023-03-31,XLY,0.030440
86453,2023-04-28,XLY,-0.011234
86453,2023-05-31,XLY,0.025362
86453,2023-06-30,XLY,0.122250
86453,2023-07-31,XLY,0.023144
86453,2023-08-31,XLY,-0.017440
86453,2023-09-29,XLY,-0.055209
86453,2023-10-31,XLY,-0.055162
86453,2023-11-30,XLY,0.109665
86453,2023-12-29,XLY,0.061325
86453,2024-01-31,XLY,-0.044125
86453,2024-02-29,XLY,0.078926
86453,2024-03-28,XLY,-0.000720
86453,2024-04-30,XLY,-0.044973
86453,2024-05-31,XLY,0.001993
86453,2024-06-28,XLY,0.038767
86453,2024-07-31,XLY,0.027906
86453,2024-08-30,XLY,-0.001973
86453,2024-09-30,XLY,0.072973
86453,2024-10-31,XLY,-0.017368
86453,2024-11-29,XLY,0.129057
86453,2024-12-31,XLY,0.011170
86454,2014-01-31,XLE,-0.057960
86454,2014-02-28,XLE,0.051211
86454,2014-03-31,XLE,0.020959
86454,2014-04-30,XLE,0.052549
86454,2014-05-30,XLE,0.016748
86454,2014-06-30,XLE,0.055120
86454,2014-07-31,XLE,-0.034665
86454,2014-08-29,XLE,0.021836
86454,2014-09-30,XLE,-0.077342
86454,2014-10-31,XLE,-0.035312
86454,2014-11-28,XLE,-0.086937
86454,2014-12-31,XLE,-0.002187
86454,2015-01-30,XLE,-0.045604
86454,2015-02-27,XLE,0.045930
86454,2015-03-31,XLE,-0.011707
86454,2015-04-30,XLE,0.065739
86454,2015-05-29,XLE,-0.051887
86454,2015-06-30,XLE,-0.034713
86454,2015-07-31,XLE,-0.076903
86454,2015-08-31,XLE,-0.042519
86454,2015-09-30,XLE,-0.071532
86454,2015-10-30,XLE,0.111601
86454,2015-11-30,XLE,-0.000147
86454,2015-12-31,XLE,-0.105230
86454,2016-01-29,XLE,-0.034980
86454,2016-02-29,XLE,-0.028002
86454,2016-03-31,XLE,0.101845
86454,2016-04-29,XLE,0.090645
86454,2016-05-31,XLE,-0.009333
86454,2016-06-30,XLE,0.027014
86454,2016-07-29,XLE,-0.012603
86454,2016-08-31,XLE,0.016771
86454,2016-09-30,XLE,0.036645
86454,2016-10-31,XLE,-0.028183
86454,2016-11-30,XLE,0.084669
86454,2016-12-30,XLE,0.017363
86454,2017-01-31,XLE,-0.032130
86454,2017-02-28,XLE,-0.020851
86454,2017-03-31,XLE,-0.014864
86454,2017-04-28,XLE,-0.029471
86454,2017-05-31,XLE,-0.035377
86454,2017-06-30,XLE,-0.001083
86454,2017-07-31,XLE,0.026186
86454,2017-08-31,XLE,-0.054788
86454,2017-09-29,XLE,0.101245
86454,2017-10-31,XLE,-0.008324
86454,2017-11-30,XLE,0.017523
86454,2017-12-29,XLE,0.052364
86454,2018-01-31,XLE,0.035843
86454,2018-02-28,XLE,-0.108350
86454,2018-03-29,XLE,0.017153
86454,2018-04-30,XLE,0.094941
86454,2018-05-31,XLE,0.029942
86454,2018-06-29,XLE,0.005688
86454,2018-07-31,XLE,0.015539
86454,2018-08-31,XLE,-0.034751
86454,2018-09-28,XLE,0.024357
86454,2018-10-31,XLE,-0.113282
86454,2018-11-30,XLE,-0.015634
86454,2018-12-31,XLE,-0.124489
86454,2019-01-31,XLE,0.112119
86454,2019-02-28,XLE,0.023048
86454,2019-03-29,XLE,0.021205
86454,2019-04-30,XLE,-0.000151
86454,2019-05-31,XLE,-0.111027
86454,2019-06-28,XLE,0.093865
86454,2019-07-31,XLE,-0.015853
86454,2019-08-30,XLE,-0.083254
86454,2019-09-30,XLE,0.039674
86454,2019-10-31,XLE,-0.020946
86454,2019-11-29,XLE,0.016046
86454,2019-12-31,XLE,0.060020
86454,2020-01-31,XLE,-0.109927
86454,2020-02-28,XLE,-0.152882
86454,2020-03-31,XLE,-0.345576
86454,2020-04-30,XLE,0.307639
86454,2020-05-29,XLE,0.020000
86454,2020-06-30,XLE,-0.010551
86454,2020-07-31,XLE,-0.048085
86454,2020-08-31,XLE,-0.010547
86454,2020-09-30,XLE,-0.144640
86454,2020-10-30,XLE,-0.041068
86454,2020-11-30,XLE,0.279944
86454,2020-12-31,XLE,0.045161
86454,2021-01-29,XLE,0.037467
86454,2021-02-26,XLE,0.224568
86454,2021-03-31,XLE,0.029698
86454,2021-04-30,XLE,0.006726
86454,2021-05-28,XLE,0.057097
86454,2021-06-30,XLE,0.041952
86454,2021-07-30,XLE,-0.083163
86454,2021-08-31,XLE,-0.020045
86454,2021-09-30,XLE,0.088469
86454,2021-10-29,XLE,0.103283
86454,2021-11-30,XLE,-0.050113
86454,2021-12-31,XLE,0.029401
86454,2022-01-31,XLE,0.187748
86454,2022-02-28,XLE,0.070692
86454,2022-03-31,XLE,0.092944
86454,2022-04-29,XLE,-0.016876
86454,2022-05-31,XLE,0.160346
86454,2022-06-30,XLE,-0.170584
86454,2022-07-29,XLE,0.096630
86454,2022-08-31,XLE,0.026524
86454,2022-09-30,XLE,-0.094829
86454,2022-10-31,XLE,0.249653
86454,2022-11-30,XLE,0.012778
86454,2022-12-30,XLE,-0.030942
86454,2023-01-31,XLE,0.028124
86454,2023-02-28,XLE,-0.069387
86454,2023-03-31,XLE,-0.000773
86454,2023-04-28,XLE,0.027768
86454,2023-05-31,XLE,-0.100317
86454,2023-06-30,XLE,0.069015
86454,2023-07-31,XLE,0.077738
86454,2023-08-31,XLE,0.016461
86454,2023-09-29,XLE,0.024107
86454,2023-10-31,XLE,-0.057528
86454,2023-11-30,XLE,-0.007160
86454,2023-12-29,XLE,0.000735
86454,2024-01-31,XLE,-0.005129
86454,2024-02-29,XLE,0.032730
86454,2024-03-28,XLE,0.104527
86454,2024-04-30,XLE,-0.009427
86454,2024-05-31,XLE,-0.003422
86454,2024-06-28,XLE,-0.014326
86454,2024-07-31,XLE,0.022600
86454,2024-08-30,XLE,-0.020706
86454,2024-09-30,XLE,-0.030155
86454,2024-10-31,XLE,0.008998
86454,2024-11-29,XLE,0.078338
86454,2024-12-31,XLE,-0.095991
86455,2014-01-31,XLF,-0.036597
86455,2014-02-28,XLF,0.030389
86455,2014-03-31,XLF,0.033311
86455,2014-04-30,XLF,-0.017010
86455,2014-05-30,XLF,0.015027
86455,2014-06-30,XLF,0.024209
86455,2014-07-31,XLF,-0.014512
86455,2014-08-29,XLF,0.042392
86455,2014-09-30,XLF,-0.003923
86455,2014-10-31,XLF,0.028917
86455,2014-11-28,XLF,0.023490
86455,2014-12-31,XLF,0.018693
86455,2015-01-30,XLF,-0.069551
86455,2015-02-27,XLF,0.058236
86455,2015-03-31,XLF,-0.006131
86455,2015-04-30,XLF,0.000829
86455,2015-05-29,XLF,0.019478
86455,2015-06-30,XLF,-0.004466
86455,2015-07-31,XLF,0.034044
86455,2015-08-31,XLF,-0.070607
86455,2015-09-30,XLF,-0.028021
86455,2015-10-30,XLF,0.062665
86455,2015-11-30,XLF,0.019934
86455,2015-12-31,XLF,-0.023622
86455,2016-01-29,XLF,-0.088544
86455,2016-02-29,XLF,-0.029005
86455,2016-03-31,XLF,0.072688
86455,2016-04-29,XLF,0.036000
86455,2016-05-31,XLF,0.018876
86455,2016-06-30,XLF,-0.032585
86455,2016-07-29,XLF,0.034785
86455,2016-08-31,XLF,0.038478
86455,2016-09-30,XLF,-0.026952
86455,2016-10-31,XLF,0.022798
86455,2016-11-30,XLF,0.140324
86455,2016-12-30,XLF,0.037616
86455,2017-01-31,XLF,0.002581
86455,2017-02-28,XLF,0.052767
86455,2017-03-31,XLF,-0.029425
86455,2017-04-28,XLF,-0.008428
86455,2017-05-31,XLF,-0.011900
86455,2017-06-30,XLF,0.065078
86455,2017-07-31,XLF,0.017025
86455,2017-08-31,XLF,-0.015544
86455,2017-09-29,XLF,0.051143
86455,2017-10-31,XLF,0.028616
86455,2017-11-30,XLF,0.034586
86455,2017-12-29,XLF,0.018833
86455,2018-01-31,XLF,0.065568
86455,2018-02-28,XLF,-0.029253
86455,2018-03-29,XLF,-0.041408
86455,2018-04-30,XLF,-0.004353
86455,2018-05-31,XLF,-0.009836
86455,2018-06-29,XLF,-0.017330
86455,2018-07-31,XLF,0.051147
86455,2018-08-31,XLF,0.013596
86455,2018-09-28,XLF,-0.021973
86455,2018-10-31,XLF,-0.047136
86455,2018-11-30,XLF,0.026256
86455,2018-12-31,XLF,-0.111422
86455,2019-01-31,XLF,0.089001
86455,2019-02-28,XLF,0.022359
86455,2019-03-29,XLF,-0.025465
86455,2019-04-30,XLF,0.089848
86455,2019-05-31,XLF,-0.071734
86455,2019-06-28,XLF,0.066492
86455,2019-07-31,XLF,0.023551
86455,2019-08-30,XLF,-0.047080
86455,2019-09-30,XLF,0.045478
86455,2019-10-31,XLF,0.025000
86455,2019-11-29,XLF,0.050523
86455,2019-12-31,XLF,0.026079
86455,2020-01-31,XLF,-0.026641
86455,2020-02-28,XLF,-0.112483
86455,2020-03-31,XLF,-0.211008
86455,2020-04-30,XLF,0.094621
86455,2020-05-29,XLF,0.027205
86455,2020-06-30,XLF,-0.005058
86455,2020-07-31,XLF,0.038462
86455,2020-08-31,XLF,0.042863
86455,2020-09-30,XLF,-0.034107
86455,2020-10-30,XLF,-0.008725
86455,2020-11-30,XLF,0.168483
86455,2020-12-31,XLF,0.062841
86455,2021-01-29,XLF,-0.017978
86455,2021-02-26,XLF,0.116062
86455,2021-03-31,XLF,0.058534
86455,2021-04-30,XLF,0.064905
86455,2021-05-28,XLF,0.047711
86455,2021-06-30,XLF,-0.030553
86455,2021-07-30,XLF,-0.004633
86455,2021-08-31,XLF,0.051479
86455,2021-09-30,XLF,-0.018437
86455,2021-10-29,XLF,0.072742
86455,2021-11-30,XLF,-0.057129
86455,2021-12-31,XLF,0.033572
86455,2022-01-31,XLF,0.000256
86455,2022-02-28,XLF,-0.013825
86455,2022-03-31,XLF,-0.001248
86455,2022-04-29,XLF,-0.099426
86455,2022-05-31,XLF,0.027818
86455,2022-06-30,XLF,-0.108715
86455,2022-07-29,XLF,0.071860
86455,2022-08-31,XLF,-0.019579
86455,2022-09-30,XLF,-0.076171
86455,2022-10-31,XLF,0.119236
86455,2022-11-30,XLF,0.068570
86455,2022-12-30,XLF,-0.052338
86455,2023-01-31,XLF,0.069006
86455,2023-02-28,XLF,-0.022976
86455,2023-03-31,XLF,-0.095672
86455,2023-04-28,XLF,0.031726
86455,2023-05-31,XLF,-0.042508
86455,2023-06-30,XLF,0.066131
86455,2023-07-31,XLF,0.048057
86455,2023-08-31,XLF,-0.026889
86455,2023-09-29,XLF,-0.030685
86455,2023-10-31,XLF,-0.024420
86455,2023-11-30,XLF,0.109394
86455,2023-12-29,XLF,0.052465
86455,2024-01-31,XLF,0.030851
86455,2024-02-29,XLF,0.040764
86455,2024-03-28,XLF,0.047906
86455,2024-04-30,XLF,-0.041785
86455,2024-05-31,XLF,0.031715
86455,2024-06-28,XLF,-0.008819
86455,2024-07-31,XLF,0.063975
86455,2024-08-30,XLF,0.045725
86455,2024-09-30,XLF,-0.005568
86455,2024-10-31,XLF,0.025596
86455,2024-11-29,XLF,0.104561
86455,2024-12-31,XLF,-0.054611
86456,2014-01-31,XLI,-0.042671
86456,2014-02-28,XLI,0.040576
86456,2014-03-31,XLI,0.009498
86456,2014-04-30,XLI,0.013377
86456,2014-05-30,XLI,0.019234
86456,2014-06-30,XLI,0.004804
86456,2014-07-31,XLI,-0.041250
86456,2014-08-29,XLI,0.042253
86456,2014-09-30,XLI,-0.011342
86456,2014-10-31,XLI,0.038758
86456,2014-11-28,XLI,0.030792
86456,2014-12-31,XLI,-0.000253
86456,2015-01-30,XLI,-0.035525
86456,2015-02-27,XLI,0.053509
86456,2015-03-31,XLI,-0.025383
86456,2015-04-30,XLI,-0.002510
86456,2015-05-29,XLI,0.003236
86456,2015-06-30,XLI,-0.026380
86456,2015-07-31,XLI,0.002960
86456,2015-08-31,XLI,-0.054039
86456,2015-09-30,XLI,-0.021819
86456,2015-10-30,XLI,0.087793
86456,2015-11-30,XLI,0.008660
86456,2015-12-31,XLI,-0.025781
86456,2016-01-29,XLI,-0.056970
86456,2016-02-29,XLI,0.042608
86456,2016-03-31,XLI,0.069701
86456,2016-04-29,XLI,0.012439
86456,2016-05-31,XLI,-0.004274
86456,2016-06-30,XLI,0.007103
86456,2016-07-29,XLI,0.036244
86456,2016-08-31,XLI,0.009476
86456,2016-09-30,XLI,0.001733
86456,2016-10-31,XLI,-0.020041
86456,2016-11-30,XLI,0.090893
86456,2016-12-30,XLI,0.003112
86456,2017-01-31,XLI,0.018644
86456,2017-02-28,XLI,0.039129
86456,2017-03-31,XLI,-0.007642
86456,2017-04-28,XLI,0.019674
86456,2017-05-31,XLI,0.017787
86456,2017-06-30,XLI,0.013531
86456,2017-07-31,XLI,0.002936
86456,2017-08-31,XLI,0.002196
86456,2017-09-29,XLI,0.041716
86456,2017-10-31,XLI,0.007465
86456,2017-11-30,XLI,0.041661
86456,2017-12-29,XLI,0.020960
86456,2018-01-31,XLI,0.053654
86456,2018-02-28,XLI,-0.038630
86456,2018-03-29,XLI,-0.026780
86456,2018-04-30,XLI,-0.027864
86456,2018-05-31,XLI,0.030739
86456,2018-06-29,XLI,-0.033696
86456,2018-07-31,XLI,0.073852
86456,2018-08-31,XLI,0.002340
86456,2018-09-28,XLI,0.021840
86456,2018-10-31,XLI,-0.108674
86456,2018-11-30,XLI,0.038065
86456,2018-12-31,XLI,-0.106667
86456,2019-01-31,XLI,0.114268
86456,2019-02-28,XLI,0.063676
86456,2019-03-29,XLI,-0.011557
86456,2019-04-30,XLI,0.039717
86456,2019-05-31,XLI,-0.076400
86456,2019-06-28,XLI,0.079215
86456,2019-07-31,XLI,0.005167
86456,2019-08-30,XLI,-0.026471
86456,2019-09-30,XLI,0.030155
86456,2019-10-31,XLI,0.011336
86456,2019-11-29,XLI,0.044962
86456,2019-12-31,XLI,-0.002031
86456,2020-01-31,XLI,-0.004419
86456,2020-02-28,XLI,-0.099001
86456,2020-03-31,XLI,-0.187113
86456,2020-04-30,XLI,0.088121
86456,2020-05-29,XLI,0.053886
86456,2020-06-30,XLI,0.019748
86456,2020-07-31,XLI,0.044105
86456,2020-08-31,XLI,0.084762
86456,2020-09-30,XLI,-0.006743
86456,2020-10-30,XLI,-0.014419
86456,2020-11-30,XLI,0.160274
86456,2020-12-31,XLI,0.010064
86456,2021-01-29,XLI,-0.042688
86456,2021-02-26,XLI,0.068892
86456,2021-03-31,XLI,0.089787
86456,2021-04-30,XLI,0.035348
86456,2021-05-28,XLI,0.031296
86456,2021-06-30,XLI,-0.022885
86456,2021-07-30,XLI,0.009375
86456,2021-08-31,XLI,0.011126
86456,2021-09-30,XLI,-0.060730
86456,2021-10-29,XLI,0.067968
86456,2021-11-30,XLI,-0.035602
86456,2021-12-31,XLI,0.053835
86456,2022-01-31,XLI,-0.047916
86456,2022-02-28,XLI,-0.008438
86456,2022-03-31,XLI,0.034343
86456,2022-04-29,XLI,-0.076131
86456,2022-05-31,XLI,-0.004625
86456,2022-06-30,XLI,-0.073768
86456,2022-07-29,XLI,0.095031
86456,2022-08-31,XLI,-0.028335
86456,2022-09-30,XLI,-0.104003
86456,2022-10-31,XLI,0.138943
86456,2022-11-30,XLI,0.078113
86456,2022-12-30,XLI,-0.029930
86456,2023-01-31,XLI,0.037063
86456,2023-02-28,XLI,-0.008640
86456,2023-03-31,XLI,0.005990
86456,2023-04-28,XLI,-0.011662
86456,2023-05-31,XLI,-0.031500
86456,2023-06-30,XLI,0.112440
86456,2023-07-31,XLI,0.028886
86456,2023-08-31,XLI,-0.019833
86456,2023-09-29,XLI,-0.059351
86456,2023-10-31,XLI,-0.029789
86456,2023-11-30,XLI,0.088349
86456,2023-12-29,XLI,0.070571
86456,2024-01-31,XLI,-0.009650
86456,2024-02-29,XLI,0.071840
86456,2024-03-28,XLI,0.044101
86456,2024-04-30,XLI,-0.035249
86456,2024-05-31,XLI,0.016376
86456,2024-06-28,XLI,-0.009868
86456,2024-07-31,XLI,0.049151
86456,2024-08-30,XLI,0.028156
86456,2024-09-30,XLI,0.033554
86456,2024-10-31,XLI,-0.011887
86456,2024-11-29,XLI,0.075917
86456,2024-12-31,XLI,-0.080283
86457,2014-01-31,XLK,-0.025742
86457,2014-02-28,XLK,0.043940
86457,2014-03-31,XLK,0.004328
86457,2014-04-30,XLK,0.002751
86457,2014-05-30,XLK,0.037586
86457,2014-06-30,XLK,0.018668
86457,2014-07-31,XLK,0.016949
86457,2014-08-29,XLK,0.032820
86457,2014-09-30,XLK,-0.005120
86457,2014-10-31,XLK,0.016040
86457,2014-11-28,XLK,0.048101
86457,2014-12-31,XLK,-0.021735
86457,2015-01-30,XLK,-0.035066
86457,2015-02-27,XLK,0.079950
86457,2015-03-31,XLK,-0.034267
86457,2015-04-30,XLK,0.027510
86457,2015-05-29,XLK,0.018553
86457,2015-06-30,XLK,-0.040975
86457,2015-07-31,XLK,0.028502
86457,2015-08-31,XLK,-0.055190
86457,2015-09-30,XLK,-0.013586
86457,2015-10-30,XLK,0.105063
86457,2015-11-30,XLK,0.007102
86457,2015-12-31,XLK,-0.020794
86457,2016-01-29,XLK,-0.037124
86457,2016-02-29,XLK,-0.006547
86457,2016-03-31,XLK,0.088119
86457,2016-04-29,XLK,-0.050271
86457,2016-05-31,XLK,0.048896
86457,2016-06-30,XLK,-0.013774
86457,2016-07-29,XLK,0.071017
86457,2016-08-31,XLK,0.011625
86457,2016-09-30,XLK,0.020974
86457,2016-10-31,XLK,-0.007535
86457,2016-11-30,XLK,0.001687
86457,2016-12-30,XLK,0.022658
86457,2017-01-31,XLK,0.035567
86457,2017-02-28,XLK,0.045327
86457,2017-03-31,XLK,0.022259
86457,2017-04-28,XLK,0.020071
86457,2017-05-31,XLK,0.039537
86457,2017-06-30,XLK,-0.028067
86457,2017-07-31,XLK,0.044591
86457,2017-08-31,XLK,0.029216
86457,2017-09-29,XLK,0.008146
86457,2017-10-31,XLK,0.065144
86457,2017-11-30,XLK,0.014138
86457,2017-12-29,XLK,0.005455
86457,2018-01-31,XLK,0.070367
86457,2018-02-28,XLK,-0.004091
86457,2018-03-29,XLK,-0.037146
86457,2018-04-30,XLK,0.000611
86457,2018-05-31,XLK,0.067828
86457,2018-06-29,XLK,-0.002500
86457,2018-07-31,XLK,0.020872
86457,2018-08-31,XLK,0.065990
86457,2018-09-28,XLK,-0.000207
86457,2018-10-31,XLK,-0.080048
86457,2018-11-30,XLK,-0.019625
86457,2018-12-31,XLK,-0.083823
86457,2019-01-31,XLK,0.069377
86457,2019-02-28,XLK,0.069101
86457,2019-03-29,XLK,0.047606
86457,2019-04-30,XLK,0.063649
86457,2019-05-31,XLK,-0.086647
86457,2019-06-28,XLK,0.089419
86457,2019-07-31,XLK,0.034982
86457,2019-08-30,XLK,-0.015352
86457,2019-09-30,XLK,0.015751
86457,2019-10-31,XLK,0.038992
86457,2019-11-29,XLK,0.053663
86457,2019-12-31,XLK,0.043156
86457,2020-01-31,XLK,0.039926
86457,2020-02-28,XLK,-0.073010
86457,2020-03-31,XLK,-0.086325
86457,2020-04-30,XLK,0.137365
86457,2020-05-29,XLK,0.071765
86457,2020-06-30,XLK,0.069414
86457,2020-07-31,XLK,0.056848
86457,2020-08-31,XLK,0.118808
86457,2020-09-30,XLK,-0.053448
86457,2020-10-30,XLK,-0.050043
86457,2020-11-30,XLK,0.113837
86457,2020-12-31,XLK,0.055374
86457,2021-01-29,XLK,-0.008383
86457,2021-02-26,XLK,0.013651
86457,2021-03-31,XLK,0.018312
86457,2021-04-30,XLK,0.051879
86457,2021-05-28,XLK,-0.009306
86457,2021-06-30,XLK,0.068783
86457,2021-07-30,XLK,0.038873
86457,2021-08-31,XLK,0.035593
86457,2021-09-30,XLK,-0.058335
86457,2021-10-29,XLK,0.081771
86457,2021-11-30,XLK,0.044512
86457,2021-12-31,XLK,0.032400
86457,2022-01-31,XLK,-0.068442
86457,2022-02-28,XLK,-0.048774
86457,2022-03-31,XLK,0.033398
86457,2022-04-29,XLK,-0.110174
86457,2022-05-31,XLK,-0.006859
86457,2022-06-30,XLK,-0.092608
86457,2022-07-29,XLK,0.134519
86457,2022-08-31,XLK,-0.062127
86457,2022-09-30,XLK,-0.119498
86457,2022-10-31,XLK,0.076528
86457,2022-11-30,XLK,0.063267
86457,2022-12-30,XLK,-0.082044
86457,2023-01-31,XLK,0.092575
86457,2023-02-28,XLK,0.004119
86457,2023-03-31,XLK,0.108449
86457,2023-04-28,XLK,-0.001192
86457,2023-05-31,XLK,0.089173
86457,2023-06-30,XLK,0.060516
86457,2023-07-31,XLK,0.025825
86457,2023-08-31,XLK,-0.015083
86457,2023-09-29,XLK,-0.064726
86457,2023-10-31,XLK,0.000488
86457,2023-11-30,XLK,0.128956
86457,2023-12-29,XLK,0.041813
86457,2024-01-31,XLK,0.027016
86457,2024-02-29,XLK,0.047046
86457,2024-03-28,XLK,0.007871
86457,2024-04-30,XLK,-0.057618
86457,2024-05-31,XLK,0.070770
86457,2024-06-28,XLK,0.078369
86457,2024-07-31,XLK,-0.032843
86457,2024-08-30,XLK,0.006993
86457,2024-09-30,XLK,0.026454
86457,2024-10-31,XLK,-0.015592
86457,2024-11-29,XLK,0.051701
86457,2024-12-31,XLK,-0.003526
86458,2014-01-31,XLU,0.029760
86458,2014-02-28,XLU,0.034527
86458,2014-03-31,XLU,0.033250
86458,2014-04-30,XLU,0.042209
86458,2014-05-30,XLU,-0.010877
86458,2014-06-30,XLU,0.044310
86458,2014-07-31,XLU,-0.068007
86458,2014-08-29,XLU,0.049212
86458,2014-09-30,XLU,-0.018705
86458,2014-10-31,XLU,0.080304
86458,2014-11-28,XLU,0.011656
86458,2014-12-31,XLU,0.035584
86458,2015-01-30,XLU,0.023295
86458,2015-02-27,XLU,-0.063949
86458,2015-03-31,XLU,-0.009929
86458,2015-04-30,XLU,-0.004727
86458,2015-05-29,XLU,0.006332
86458,2015-06-30,XLU,-0.059491
86458,2015-07-31,XLU,0.061023
86458,2015-08-31,XLU,-0.034781
86458,2015-09-30,XLU,0.028989
86458,2015-10-30,XLU,0.010626
86458,2015-11-30,XLU,-0.021257
86458,2015-12-31,XLU,0.021141
86458,2016-01-29,XLU,0.049445
86458,2016-02-29,XLU,0.019375
86458,2016-03-31,XLU,0.079644
86458,2016-04-29,XLU,-0.024184
86458,2016-05-31,XLU,0.015076
86458,2016-06-30,XLU,0.075923
86458,2016-07-29,XLU,-0.006671
86458,2016-08-31,XLU,-0.055449
86458,2016-09-30,XLU,0.003578
86458,2016-10-31,XLU,0.008981
86458,2016-11-30,XLU,-0.054218
86458,2016-12-30,XLU,0.048837
86458,2017-01-31,XLU,0.012559
86458,2017-02-28,XLU,0.052664
86458,2017-03-31,XLU,-0.001406
86458,2017-04-28,XLU,0.007601
86458,2017-05-31,XLU,0.041393
86458,2017-06-30,XLU,-0.026805
86458,2017-07-31,XLU,0.024249
86458,2017-08-31,XLU,0.032882
86458,2017-09-29,XLU,-0.027338
86458,2017-10-31,XLU,0.039020
86458,2017-11-30,XLU,0.026851
86458,2017-12-29,XLU,-0.060226
86458,2018-01-31,XLU,-0.031131
86458,2018-02-28,XLU,-0.038793
86458,2018-03-29,XLU,0.037844
86458,2018-04-30,XLU,0.020384
86458,2018-05-31,XLU,-0.011055
86458,2018-06-29,XLU,0.027662
86458,2018-07-31,XLU,0.015974
86458,2018-08-31,XLU,0.012881
86458,2018-09-28,XLU,-0.006454
86458,2018-10-31,XLU,0.019753
86458,2018-11-30,XLU,0.035388
86458,2018-12-31,XLU,-0.039773
86458,2019-01-31,XLU,0.034769
86458,2019-02-28,XLU,0.041088
86458,2019-03-29,XLU,0.027893
86458,2019-04-30,XLU,0.009283
86458,2019-05-31,XLU,-0.007835
86458,2019-06-28,XLU,0.032025
86458,2019-07-31,XLU,-0.001342
86458,2019-08-30,XLU,0.050882
86458,2019-09-30,XLU,0.042380
86458,2019-10-31,XLU,-0.007569
86458,2019-11-29,XLU,-0.018677
86458,2019-12-31,XLU,0.032850
86458,2020-01-31,XLU,0.067471
86458,2020-02-28,XLU,-0.098579
86458,2020-03-31,XLU,-0.101255
86458,2020-04-30,XLU,0.033387
86458,2020-05-29,XLU,0.042438
86458,2020-06-30,XLU,-0.046645
86458,2020-07-31,XLU,0.077973
86458,2020-08-31,XLU,-0.025974
86458,2020-09-30,XLU,0.010609
86458,2020-10-30,XLU,0.050522
86458,2020-11-30,XLU,0.007374
86458,2020-12-31,XLU,0.006075
86458,2021-01-29,XLU,-0.008772
86458,2021-02-26,XLU,-0.060982
86458,2021-03-31,XLU,0.105222
86458,2021-04-30,XLU,0.041849
86458,2021-05-28,XLU,-0.023381
86458,2021-06-30,XLU,-0.022033
86458,2021-07-30,XLU,0.043334
86458,2021-08-31,XLU,0.038957
86458,2021-09-30,XLU,-0.060706
86458,2021-10-29,XLU,0.047433
86458,2021-11-30,XLU,-0.017038
86458,2021-12-31,XLU,0.096633
86458,2022-01-31,XLU,-0.032551
86458,2022-02-28,XLU,-0.019061
86458,2022-03-31,XLU,0.103040
86458,2022-04-29,XLU,-0.042976
86458,2022-05-31,XLU,0.043082
86458,2022-06-30,XLU,-0.049571
86458,2022-07-29,XLU,0.054470
86458,2022-08-31,XLU,0.005274
86458,2022-09-30,XLU,-0.112034
86458,2022-10-31,XLU,0.019386
86458,2022-11-30,XLU,0.069632
86458,2022-12-30,XLU,-0.005009
86458,2023-01-31,XLU,-0.020000
86458,2023-02-28,XLU,-0.059198
86458,2023-03-31,XLU,0.048919
86458,2023-04-28,XLU,0.019057
86458,2023-05-31,XLU,-0.058713
86458,2023-06-30,XLU,0.016119
86458,2023-07-31,XLU,0.024908
86458,2023-08-31,XLU,-0.061279
86458,2023-09-29,XLU,-0.055724
86458,2023-10-31,XLU,0.012897
86458,2023-11-30,XLU,0.051432
86458,2023-12-29,XLU,0.018597
86458,2024-01-31,XLU,-0.029686
86458,2024-02-29,XLU,0.010578
86458,2024-03-28,XLU,0.065532
86458,2024-04-30,XLU,0.016603
86458,2024-05-31,XLU,0.089601
86458,2024-06-28,XLU,-0.055348
86458,2024-07-31,XLU,0.068242
86458,2024-08-30,XLU,0.048084
86458,2024-09-30,XLU,0.065926
86458,2024-10-31,XLU,-0.010770
86458,2024-11-29,XLU,0.037792
86458,2024-12-31,XLU,-0.079730
